wavelog_input,flatflux_input,flatflux_err_input,flatflux_input_sm
2501.693359,0.000000,0.000000,0.000000
2505.082520,0.000000,0.000000,0.000000
2508.476318,0.000000,0.000000,0.000000
2511.874512,0.000000,0.000000,0.000000
2515.277344,0.000000,0.000000,0.000000
2518.685059,0.000000,0.000000,0.000000
2522.097168,0.000000,0.000000,0.000000
2525.513672,0.000000,0.000000,0.000000
2528.935059,0.000000,0.000000,0.000000
2532.361084,0.000000,0.000000,0.000000
2535.791748,0.000000,0.000000,0.000000
2539.227051,0.000000,0.000000,0.000000
2542.666992,0.000000,0.000000,0.000000
2546.111816,0.000000,0.000000,0.000000
2549.561035,0.000000,0.000000,0.000000
2553.014648,0.000000,0.000000,0.000000
2556.473389,0.000000,0.000000,0.000000
2559.936523,0.000000,0.000000,0.000000
2563.404785,0.000000,0.000000,0.000000
2566.877441,0.000000,0.000000,0.000000
2570.354492,0.000000,0.000000,0.000000
2573.836914,0.000000,0.000000,0.000000
2577.323730,0.000000,0.000000,0.000000
2580.815430,0.000000,0.000000,0.000000
2584.311523,0.000000,0.000000,0.000000
2587.812500,0.000000,0.000000,0.000000
2591.318359,0.000000,0.000000,0.000000
2594.828613,0.000000,0.000000,0.000000
2598.344238,0.000000,0.000000,0.000000
2601.864258,0.000000,0.000000,0.000000
2605.388672,0.000000,0.000000,0.000000
2608.918457,0.000000,0.000000,0.000000
2612.452637,0.000000,0.000000,0.000000
2615.991943,0.000000,0.000000,0.000000
2619.535889,0.000000,0.000000,0.000000
2623.084473,0.000000,0.000000,0.000000
2626.638184,0.000000,0.000000,0.000000
2630.196289,0.000000,0.000000,0.000000
2633.759766,0.000000,0.000000,0.000000
2637.327637,0.000000,0.000000,0.000000
2640.900635,0.000000,0.000000,0.000000
2644.478271,0.000000,0.000000,0.000000
2648.060791,0.000000,0.000000,0.000000
2651.647949,0.000000,0.000000,0.000000
2655.240234,0.000000,0.000000,0.000000
2658.837402,0.000000,0.000000,0.000000
2662.439453,0.000000,0.000000,0.000000
2666.046387,0.000000,0.000000,0.000000
2669.658203,0.000000,0.000000,0.000000
2673.274902,0.000000,0.000000,0.000000
2676.896240,0.000000,0.000000,0.000000
2680.522705,0.000000,0.000000,0.000000
2684.154053,0.000000,0.000000,0.000000
2687.790527,0.000000,0.000000,0.000000
2691.431641,0.000000,0.000000,0.000000
2695.077637,0.000000,0.000000,0.000000
2698.728760,0.000000,0.000000,0.000000
2702.384766,0.000000,0.000000,0.000000
2706.045898,0.000000,0.000000,0.000000
2709.711670,0.000000,0.000000,0.000000
2713.382568,0.000000,0.000000,0.000000
2717.058594,0.000000,0.000000,0.000000
2720.739258,0.000000,0.000000,0.000000
2724.425293,0.000000,0.000000,0.000000
2728.115967,0.000000,0.000000,0.000000
2731.811768,0.000000,0.000000,0.000000
2735.512695,0.000000,0.000000,0.000000
2739.218750,0.000000,0.000000,0.000000
2742.929443,0.000000,0.000000,0.000000
2746.645508,0.000000,0.000000,0.000000
2750.366211,0.000000,0.000000,0.000000
2754.092285,0.000000,0.000000,0.000000
2757.823242,0.000000,0.000000,0.000000
2761.559326,0.000000,0.000000,0.000000
2765.300293,0.000000,0.000000,0.000000
2769.046387,0.000000,0.000000,0.000000
2772.797852,0.000000,0.000000,0.000000
2776.554199,0.000000,0.000000,0.000000
2780.315918,0.000000,0.000000,0.000000
2784.082520,0.000000,0.000000,0.000000
2787.854004,0.000000,0.000000,0.000000
2791.630859,0.000000,0.000000,0.000000
2795.412598,0.000000,0.000000,0.000000
2799.199463,0.000000,0.000000,0.000000
2802.991699,0.000000,0.000000,0.000000
2806.789062,0.000000,0.000000,0.000000
2810.591553,0.000000,0.000000,0.000000
2814.398926,0.000000,0.000000,0.000000
2818.211426,0.000000,0.000000,0.000000
2822.029541,0.000000,0.000000,0.000000
2825.852539,0.000000,0.000000,0.000000
2829.680908,0.000000,0.000000,0.000000
2833.514404,0.000000,0.000000,0.000000
2837.353027,0.000000,0.000000,0.000000
2841.196777,0.000000,0.000000,0.000000
2845.045898,0.000000,0.000000,0.000000
2848.899902,0.000000,0.000000,0.000000
2852.759277,0.000000,0.000000,0.000000
2856.624023,0.000000,0.000000,0.000000
2860.494141,0.000000,0.000000,0.000000
2864.369141,0.000000,0.000000,0.000000
2868.249756,0.000000,0.000000,0.000000
2872.135254,0.000000,0.000000,0.000000
2876.026123,0.000000,0.000000,0.000000
2879.922363,0.000000,0.000000,0.000000
2883.824219,0.000000,0.000000,0.000000
2887.730713,0.000000,0.000000,0.000000
2891.642578,0.000000,0.000000,0.000000
2895.560059,0.000000,0.000000,0.000000
2899.482910,0.000000,0.000000,0.000000
2903.410889,0.000000,0.000000,0.000000
2907.344238,0.000000,0.000000,0.000000
2911.282715,0.000000,0.000000,0.000000
2915.226562,0.000000,0.000000,0.000000
2919.176025,0.000000,0.000000,0.000000
2923.130859,0.000000,0.000000,0.000000
2927.090820,0.000000,0.000000,0.000000
2931.056152,0.000000,0.000000,0.000000
2935.026855,0.000000,0.000000,0.000000
2939.002930,0.000000,0.000000,0.000000
2942.984619,0.000000,0.000000,0.000000
2946.971680,0.000000,0.000000,0.000000
2950.963867,0.000000,0.000000,0.000000
2954.961426,0.000000,0.000000,0.000000
2958.964844,0.000000,0.000000,0.000000
2962.973145,0.000000,0.000000,0.000000
2966.987305,0.000000,0.000000,0.000000
2971.006592,0.000000,0.000000,0.000000
2975.031494,0.000000,0.000000,0.000000
2979.062012,0.000000,0.000000,0.000000
2983.097656,0.000000,0.000000,0.000000
2987.139160,0.000000,0.000000,0.000000
2991.185791,0.000000,0.000000,0.000000
2995.237793,0.000000,0.000000,0.000000
2999.295410,0.000000,0.000000,0.000000
3003.358887,0.000000,0.000000,0.000000
3007.427490,0.000000,0.000000,0.000000
3011.501709,0.000000,0.000000,0.000000
3015.581543,0.000000,0.000000,0.000000
3019.666748,0.000000,0.000000,0.000000
3023.757568,0.000000,0.000000,0.000000
3027.854004,0.000000,0.000000,0.000000
3031.955811,0.000000,0.000000,0.000000
3036.063232,0.000000,0.000000,0.000000
3040.176270,0.000000,0.000000,0.000000
3044.294922,0.000000,0.000000,0.000000
3048.418945,0.000000,0.000000,0.000000
3052.548828,0.000000,0.000000,0.000000
3056.684082,0.000000,0.000000,0.000000
3060.825195,0.000000,0.000000,0.000000
3064.971680,0.000000,0.000000,0.000000
3069.124023,0.000000,0.000000,0.000000
3073.281738,0.000000,0.000000,0.000000
3077.445068,0.000000,0.000000,0.000000
3081.614258,0.000000,0.000000,0.000000
3085.789062,0.000000,0.000000,0.000000
3089.969238,0.000000,0.000000,0.000000
3094.155273,0.000000,0.000000,0.000000
3098.347168,0.000000,0.000000,0.000000
3102.544434,0.000000,0.000000,0.000000
3106.747559,0.000000,0.000000,0.000000
3110.956055,0.000000,0.000000,0.000000
3115.170654,0.000000,0.000000,0.000000
3119.390869,0.000000,0.000000,0.000000
3123.616943,0.000000,0.000000,0.000000
3127.848633,0.000000,0.000000,0.000000
3132.085938,0.000000,0.000000,0.000000
3136.329102,0.000000,0.000000,0.000000
3140.577881,0.000000,0.000000,0.000000
3144.832520,0.000000,0.000000,0.000000
3149.092773,0.000000,0.000000,0.000000
3153.358887,0.000000,0.000000,0.000000
3157.630859,0.000000,0.000000,0.000000
3161.908691,0.000000,0.000000,0.000000
3166.191895,0.000000,0.000000,0.000000
3170.481445,0.000000,0.000000,0.000000
3174.776367,0.000000,0.000000,0.000000
3179.077393,0.000000,0.000000,0.000000
3183.384277,0.000000,0.000000,0.000000
3187.696777,0.000000,0.000000,0.000000
3192.015137,-0.000000,0.000000,-0.000000
3196.339355,-0.000540,0.000225,-0.000315
3200.669434,-0.001413,0.000771,-0.001211
3205.005615,-0.001481,0.003235,-0.002603
3209.347412,-0.009968,0.006434,-0.004408
3213.695312,-0.012123,0.011743,-0.006502
3218.048828,-0.005971,0.017334,-0.008809
3222.408691,0.002249,0.025453,-0.011216
3226.773926,-0.006238,0.035224,-0.013551
3231.145264,0.016148,0.040459,-0.015831
3235.522461,0.033131,0.039445,-0.017825
3239.905762,-0.008600,0.044133,-0.019505
3244.294922,-0.041514,0.051049,-0.020840
3248.689941,0.050884,0.049167,-0.021495
3253.091064,0.046064,0.057098,-0.021807
3257.498047,-0.090023,0.058473,-0.021362
3261.911133,-0.075654,0.065782,-0.020318
3266.330078,-0.083350,0.065298,-0.018686
3270.755127,-0.032395,0.079706,-0.016138
3275.186035,0.027645,0.103638,-0.013250
3279.623047,0.012452,0.119945,-0.009337
3284.065918,0.104681,0.121760,-0.005152
3288.515137,0.016832,0.121872,-0.000216
3292.969971,-0.123569,0.121151,0.005221
3297.431152,0.039053,0.123042,0.010880
3301.897949,0.011458,0.139276,0.017327
3306.371094,-0.091817,0.138189,0.023430
3310.850586,-0.086324,0.141299,0.030410
3315.335938,-0.007137,0.140255,0.036905
3319.827148,-0.061447,0.144973,0.043753
3324.324707,-0.141819,0.145658,0.050277
3328.828125,-0.002687,0.143520,0.056832
3333.337646,0.002196,0.141420,0.062974
3337.853516,0.120542,0.139492,0.068784
3342.375244,0.198538,0.137934,0.074328
3346.903320,0.316353,0.135937,0.079141
3351.437500,0.387061,0.134102,0.083824
3355.977539,0.374754,0.134824,0.087557
3360.524170,0.297452,0.134027,0.090984
3365.076660,-0.245227,0.132309,0.093589
3369.635498,0.088070,0.131290,0.095786
3374.200195,-0.113374,0.131357,0.097135
3378.771484,-0.019875,0.131368,0.098012
3383.348633,-0.034624,0.131369,0.098084
3387.932129,-0.025043,0.131916,0.097843
3392.521973,-0.002199,0.133051,0.096731
3397.117920,0.313695,0.133051,0.095361
3401.719971,0.091259,0.133472,0.093320
3406.328125,-0.124809,0.133466,0.090911
3410.942871,-0.361930,0.133793,0.087944
3415.563965,0.008198,0.133739,0.084904
3420.190918,0.206457,0.133591,0.081314
3424.824219,0.056173,0.134196,0.077804
3429.463867,0.349610,0.134291,0.074129
3434.109863,0.207401,0.134664,0.070381
3438.762207,0.111418,0.136190,0.066677
3443.420898,0.190569,0.136306,0.062897
3448.085693,0.369021,0.136964,0.059260
3452.756836,0.259801,0.137183,0.055431
3457.434326,-0.058356,0.137318,0.051923
3462.118164,-0.022227,0.137232,0.048185
3466.808594,0.055650,0.137355,0.044872
3471.504883,0.062543,0.137271,0.041350
3476.208008,0.101492,0.137253,0.038118
3480.917236,-0.023535,0.136819,0.035038
3485.632812,0.074469,0.136862,0.031924
3490.354980,0.024670,0.136889,0.029184
3495.083496,-0.073592,0.136314,0.026382
3499.818115,-0.003912,0.135742,0.023968
3504.559326,0.015214,0.135778,0.021520
3509.307129,0.050197,0.135443,0.019228
3514.061523,0.055242,0.133691,0.017442
3518.821777,-0.179361,0.133591,0.015594
3523.588867,0.122615,0.134287,0.013920
3528.362549,-0.041772,0.134389,0.012525
3533.142578,-0.122731,0.133745,0.011278
3537.928711,-0.025685,0.131481,0.010354
3542.721680,0.000827,0.126932,0.009432
3547.520996,0.059937,0.122676,0.008836
3552.327148,-0.100267,0.120269,0.008377
3557.139404,-0.147694,0.114540,0.008067
3561.958252,-0.112110,0.114543,0.008016
3566.783691,0.018301,0.112372,0.008036
3571.615723,0.008722,0.111796,0.008172
3576.454102,0.110251,0.110841,0.008770
3581.299316,-0.152486,0.110302,0.009050
3586.150879,0.005881,0.109954,0.009671
3591.009277,0.098912,0.107232,0.010501
3595.874023,0.020782,0.107862,0.011232
3600.745117,0.090749,0.105435,0.011988
3605.623291,0.023620,0.093015,0.013056
3610.507812,-0.001423,0.092573,0.013901
3615.399414,0.123888,0.092867,0.014756
3620.297119,0.058887,0.092822,0.015974
3625.201660,-0.107991,0.087826,0.016718
3630.112793,0.207659,0.086549,0.017580
3635.030518,0.095341,0.086430,0.018491
3639.955078,0.147671,0.085473,0.019214
3644.886230,-0.075590,0.077954,0.019794
3649.823975,-0.037876,0.075197,0.020329
3654.768555,0.019396,0.074302,0.020773
3659.719727,0.075745,0.074023,0.020968
3664.677490,0.122271,0.074095,0.020977
3669.642090,0.019821,0.074367,0.020972
3674.613525,-0.062051,0.074010,0.020673
3679.591553,0.061219,0.073919,0.020154
3684.576172,-0.007102,0.074172,0.019615
3689.567871,-0.000956,0.075580,0.018705
3694.566406,0.051014,0.075074,0.017693
3699.571289,-0.035457,0.075222,0.016520
3704.583008,-0.047139,0.075298,0.015167
3709.601807,0.026945,0.075217,0.013662
3714.627441,-0.027502,0.075296,0.011925
3719.659668,-0.124346,0.072136,0.010176
3724.698730,0.078935,0.071658,0.008321
3729.744629,0.039929,0.071680,0.006324
3734.797363,-0.086104,0.070400,0.004223
3739.856934,-0.018847,0.070352,0.002238
3744.923340,0.035427,0.070619,0.000099
3749.997070,-0.028975,0.070579,-0.001964
3755.077148,-0.036316,0.069574,-0.003879
3760.164062,-0.020929,0.067556,-0.005902
3765.257812,0.031993,0.066200,-0.007694
3770.358887,0.037686,0.066367,-0.009382
3775.466797,-0.012798,0.067097,-0.010826
3780.581299,-0.086045,0.067704,-0.012160
3785.703125,-0.073222,0.067918,-0.013264
3790.831543,0.017061,0.067929,-0.013980
3795.967041,-0.121971,0.067271,-0.014557
3801.109619,-0.079602,0.067385,-0.014761
3806.259033,0.065454,0.066848,-0.014643
3811.415527,0.000759,0.066983,-0.014232
3816.578857,0.128755,0.067194,-0.013453
3821.749268,0.003260,0.066087,-0.012204
3826.926758,-0.042839,0.066074,-0.010700
3832.111084,0.015160,0.064598,-0.008828
3837.302490,-0.023387,0.060982,-0.006543
3842.500977,-0.062756,0.060514,-0.003944
3847.706543,-0.018575,0.059015,-0.001033
3852.918945,0.099588,0.058131,0.002404
3858.138672,0.003047,0.058399,0.006012
3863.365234,0.034450,0.058869,0.009911
3868.599121,0.042273,0.058724,0.014076
3873.840088,0.076401,0.057588,0.018429
3879.088135,0.037802,0.057783,0.023078
3884.343262,0.066951,0.057096,0.027844
3889.605225,-0.043599,0.057263,0.032826
3894.874512,0.163357,0.057213,0.037766
3900.151123,0.098485,0.057253,0.042723
3905.434814,0.096520,0.057155,0.047767
3910.725586,0.020994,0.057498,0.052705
3916.023438,0.048880,0.057112,0.057490
3921.328369,0.009839,0.057303,0.062171
3926.640625,0.081093,0.057160,0.066552
3931.960449,-0.011344,0.055100,0.070832
3937.287109,0.018061,0.054649,0.074739
3942.620850,0.022548,0.055276,0.078369
3947.961914,0.054535,0.054354,0.081526
3953.310547,0.027322,0.054295,0.084213
3958.666016,0.034895,0.054179,0.086643
3964.028809,0.084771,0.054083,0.088336
3969.398926,0.046506,0.054233,0.089660
3974.776367,0.091968,0.054201,0.090394
3980.161133,0.048205,0.054048,0.090567
3985.553223,0.001784,0.054025,0.090212
3990.952637,0.218869,0.054100,0.089172
3996.359131,0.259537,0.053463,0.087639
4001.772949,0.075888,0.053106,0.085417
4007.194336,0.097892,0.053094,0.082658
4012.623047,0.117966,0.051682,0.079324
4018.059082,0.074098,0.051298,0.075479
4023.502441,0.033774,0.051069,0.070999
4028.953125,0.016810,0.051045,0.065790
4034.411133,0.059368,0.048856,0.059807
4039.876465,0.010671,0.048858,0.053499
4045.349609,0.047189,0.049154,0.046671
4050.829834,0.025467,0.049068,0.039646
4056.317627,-0.013467,0.049215,0.032193
4061.812988,0.077537,0.048815,0.024637
4067.315430,0.006323,0.049210,0.016801
4072.825439,0.080681,0.048669,0.008874
4078.342773,0.065602,0.048764,0.000823
4083.867920,0.033623,0.048701,-0.007253
4089.400391,-0.028242,0.048598,-0.015252
4094.940430,-0.068736,0.048181,-0.023249
4100.488281,-0.024919,0.048895,-0.031016
4106.042969,0.017532,0.048790,-0.038585
4111.605469,-0.060307,0.050106,-0.045986
4117.175781,-0.028235,0.048793,-0.052999
4122.752930,-0.079572,0.048462,-0.059743
4128.338379,0.008408,0.048510,-0.066006
4133.930664,-0.053072,0.048509,-0.071828
4139.531250,-0.032897,0.048700,-0.077331
4145.139648,-0.062229,0.048339,-0.082156
4150.754883,-0.100018,0.048551,-0.086435
4156.377930,-0.113338,0.048294,-0.090217
4162.008789,-0.173065,0.048229,-0.093401
4167.647461,-0.076904,0.047828,-0.095891
4173.292969,-0.091138,0.048991,-0.097829
4178.946777,-0.087261,0.049085,-0.099043
4184.607910,-0.101871,0.048739,-0.099689
4190.276855,-0.147495,0.048793,-0.099692
4195.953613,-0.101812,0.048680,-0.099059
4201.637695,-0.105349,0.048751,-0.097721
4207.330078,-0.138401,0.048660,-0.095849
4213.029297,-0.118505,0.047686,-0.093383
4218.737305,-0.079303,0.045831,-0.090348
4224.452148,-0.112411,0.041703,-0.086767
4230.175293,-0.108968,0.041700,-0.082519
4235.906250,-0.084368,0.041731,-0.078006
4241.644531,-0.107448,0.041525,-0.072893
4247.390625,-0.130883,0.041579,-0.067451
4253.144531,-0.059835,0.041472,-0.061723
4258.906738,-0.109447,0.041352,-0.055513
4264.676270,-0.033340,0.041371,-0.049103
4270.454102,-0.101219,0.041650,-0.042417
4276.239258,-0.040179,0.041665,-0.035489
4282.032227,0.006538,0.041694,-0.028507
4287.833008,-0.009481,0.041375,-0.021511
4293.642090,0.043543,0.041032,-0.014301
4299.458984,0.064981,0.041671,-0.007241
4305.283203,0.027316,0.041020,0.000071
4311.115234,0.017696,0.040770,0.006996
4316.956055,0.012481,0.041223,0.013795
4322.804199,0.034483,0.042435,0.020682
4328.660156,0.102504,0.042128,0.027027
4334.524414,0.060205,0.042167,0.033433
4340.396484,0.168447,0.041714,0.039443
4346.276367,0.117034,0.041711,0.045051
4352.164551,0.071554,0.041702,0.050500
4358.060547,0.107919,0.041652,0.055451
4363.964355,0.028472,0.040816,0.060074
4369.876465,0.025540,0.040786,0.064289
4375.796387,0.077167,0.040626,0.068088
4381.724609,0.029967,0.040651,0.071370
4387.660156,0.005188,0.040739,0.074381
4393.604492,0.024588,0.040695,0.076756
4399.556641,0.066402,0.039806,0.078764
4405.516602,-0.017579,0.039745,0.080229
4411.485352,0.018353,0.039756,0.081360
4417.461426,0.091560,0.039775,0.081889
4423.445801,0.062216,0.039776,0.082056
4429.438477,0.049892,0.039611,0.081692
4435.438965,0.058609,0.039628,0.080880
4441.447754,0.116220,0.039876,0.079720
4447.464844,0.053076,0.040131,0.078060
4453.489746,0.126705,0.040217,0.075967
4459.522949,0.054137,0.040323,0.073585
4465.564453,0.078216,0.040256,0.070754
4471.613770,0.045605,0.040154,0.067537
4477.671875,0.048402,0.040778,0.063656
4483.737793,0.038549,0.040732,0.059178
4489.812012,0.077170,0.040289,0.054462
4495.894531,0.009421,0.040564,0.049344
4501.984863,0.031959,0.040819,0.044045
4508.083984,0.098642,0.040807,0.038489
4514.190918,0.043366,0.040321,0.032668
4520.306641,0.007162,0.040318,0.026757
4526.430176,0.016334,0.041163,0.020641
4532.562500,0.036496,0.041172,0.014265
4538.703125,0.075160,0.040679,0.008115
4544.851562,0.028774,0.039884,0.001551
4551.008301,0.045383,0.039784,-0.004987
4557.173828,0.057029,0.039766,-0.011493
4563.347656,-0.108702,0.039858,-0.018237
4569.529297,-0.018685,0.039869,-0.024713
4575.719727,-0.013350,0.038943,-0.031326
4581.918945,-0.044498,0.038815,-0.037845
4588.125977,-0.030189,0.036072,-0.044313
4594.341309,-0.027264,0.035044,-0.050733
4600.565430,-0.065566,0.034923,-0.057067
4606.797852,-0.064578,0.036056,-0.063172
4613.039062,-0.083040,0.035965,-0.069239
4619.288086,-0.108428,0.036100,-0.075006
4625.545898,-0.108157,0.036642,-0.080783
4631.812500,-0.061614,0.036892,-0.086202
4638.087402,-0.079888,0.036194,-0.091500
4644.370605,-0.118954,0.035743,-0.096440
4650.662109,-0.104033,0.036319,-0.101275
4656.962891,-0.095553,0.034658,-0.105791
4663.271484,-0.127895,0.034091,-0.109915
4669.588867,-0.117637,0.038649,-0.113902
4675.915039,-0.084027,0.038620,-0.117423
4682.250000,-0.110470,0.038622,-0.120802
4688.592773,-0.164343,0.038537,-0.123598
4694.944336,-0.185047,0.038740,-0.126191
4701.304688,-0.162992,0.039941,-0.128406
4707.673828,-0.160077,0.039616,-0.130177
4714.051270,-0.119641,0.039577,-0.131627
4720.437500,-0.135253,0.039822,-0.132679
4726.832520,-0.069619,0.039770,-0.133328
4733.236328,-0.102152,0.039754,-0.133505
4739.648438,-0.094500,0.039978,-0.133330
4746.069336,-0.172870,0.042351,-0.132746
4752.499023,-0.198956,0.042152,-0.131741
4758.937012,-0.139824,0.042182,-0.130257
4765.383789,-0.103637,0.042308,-0.128496
4771.839844,-0.118085,0.042309,-0.126180
4778.304199,-0.203018,0.042657,-0.123557
4784.777344,-0.105886,0.043052,-0.120552
4791.259766,-0.121444,0.043075,-0.117109
4797.750488,-0.123626,0.042693,-0.113240
4804.250000,-0.097740,0.042599,-0.109150
4810.758789,-0.101388,0.042207,-0.104619
4817.275879,-0.076358,0.041453,-0.099765
4823.801758,-0.112334,0.041498,-0.094563
4830.336914,-0.082143,0.041690,-0.089175
4836.880859,-0.091366,0.041840,-0.083464
4843.433105,-0.113259,0.047017,-0.077329
4849.994141,-0.083172,0.047031,-0.071251
4856.564453,-0.065483,0.046940,-0.064706
4863.144043,0.035329,0.046942,-0.058199
4869.732422,-0.042341,0.046963,-0.051406
4876.329590,-0.004031,0.046975,-0.044422
4882.935547,0.016707,0.046902,-0.037461
4889.550781,0.021842,0.046818,-0.030308
4896.174805,-0.001607,0.046722,-0.023162
4902.807617,-0.024935,0.047178,-0.015981
4909.449219,0.050439,0.047267,-0.008733
4916.100098,0.019852,0.047268,-0.001599
4922.759766,-0.026098,0.047287,0.005505
4929.429199,-0.149075,0.047493,0.012562
4936.107422,0.004770,0.047503,0.019497
4942.794434,-0.005512,0.047399,0.026418
4949.490234,0.034739,0.047850,0.033095
4956.195312,-0.010868,0.047699,0.039622
4962.910156,-0.045108,0.047386,0.045909
4969.633301,0.024586,0.047374,0.052190
4976.365234,0.063725,0.047318,0.058103
4983.106934,0.021165,0.047351,0.063898
4989.857422,0.074758,0.047353,0.069438
4996.617676,0.064292,0.047079,0.074661
5003.386719,0.120379,0.046960,0.079710
5010.165039,0.210884,0.046754,0.084352
5016.952637,0.072633,0.046633,0.088784
5023.749023,0.074339,0.046253,0.092912
5030.554688,0.163442,0.046256,0.096601
5037.370117,0.089102,0.046164,0.100009
5044.193848,0.050681,0.046176,0.103233
5051.027344,0.052971,0.045553,0.105810
5057.870117,0.080340,0.045680,0.108217
5064.722168,0.154576,0.045729,0.110337
5071.583496,0.124346,0.045765,0.111959
5078.454102,0.121925,0.046126,0.113318
5085.333984,0.102642,0.046137,0.114401
5092.223633,0.022797,0.046289,0.114988
5099.122070,0.074456,0.046577,0.115398
5106.029297,0.071946,0.046795,0.115318
5112.946777,0.303108,0.047313,0.114961
5119.873535,0.131128,0.047196,0.114209
5126.809570,0.110315,0.047188,0.113307
5133.754883,0.116050,0.047196,0.112017
5140.708984,0.094974,0.046021,0.110347
5147.673828,0.120447,0.046191,0.108335
5154.647461,0.083503,0.045981,0.106151
5161.630859,0.102970,0.045576,0.103699
5168.623047,0.100643,0.045212,0.100984
5175.625000,0.156001,0.045399,0.097941
5182.636719,0.126652,0.045756,0.094717
5189.657227,0.092556,0.045239,0.091163
5196.687988,0.069666,0.045660,0.087517
5203.728027,0.039176,0.045555,0.083600
5210.777344,0.086616,0.042236,0.079579
5217.836914,0.094533,0.042479,0.075246
5224.905762,0.129326,0.042328,0.070990
5231.983887,0.086603,0.042368,0.066430
5239.071777,0.028991,0.041971,0.061765
5246.169434,0.023807,0.040697,0.057045
5253.276367,0.030868,0.040833,0.052405
5260.392578,0.027209,0.041499,0.047505
5267.519531,0.046717,0.041298,0.042658
5274.655273,-0.009115,0.041910,0.037815
5281.801270,0.016385,0.042021,0.033069
5288.956543,0.012562,0.041792,0.028303
5296.121582,0.043523,0.039305,0.023613
5303.295898,-0.020747,0.039419,0.019060
5310.480469,0.003807,0.039368,0.014525
5317.674805,0.014943,0.038657,0.010209
5324.878906,-0.010099,0.038807,0.006065
5332.092773,0.038898,0.038670,0.002182
5339.316406,0.031655,0.038252,-0.001688
5346.549805,-0.025155,0.038517,-0.005053
5353.792480,-0.028008,0.038305,-0.008365
5361.045410,-0.065914,0.038447,-0.011336
5368.308105,-0.026524,0.038433,-0.014019
5375.581055,0.023626,0.038439,-0.016465
5382.863281,0.029115,0.037045,-0.018465
5390.155273,-0.062861,0.037519,-0.020271
5397.458008,0.039885,0.037617,-0.021683
5404.769531,-0.004115,0.031430,-0.022759
5412.091797,-0.014442,0.031610,-0.023500
5419.423340,-0.015777,0.031607,-0.023971
5426.765137,-0.032286,0.031610,-0.024048
5434.117188,0.011997,0.032645,-0.023869
5441.478516,-0.037315,0.032692,-0.023314
5448.850586,-0.037120,0.032860,-0.022462
5456.231934,-0.042980,0.033542,-0.021396
5463.623535,0.021262,0.033560,-0.020006
5471.025391,0.030401,0.036421,-0.018507
5478.437500,-0.026381,0.036535,-0.016603
5485.858887,0.042966,0.036762,-0.014645
5493.291016,-0.024212,0.036942,-0.012533
5500.732422,0.038627,0.036595,-0.010168
5508.184082,0.036151,0.036824,-0.007909
5515.646484,-0.012589,0.036838,-0.005531
5523.118652,-0.018542,0.036390,-0.003133
5530.601074,0.004360,0.036401,-0.000824
5538.093262,-0.013044,0.036287,0.001309
5545.595703,-0.036544,0.036117,0.003240
5553.108398,-0.059060,0.036514,0.005131
5560.631836,-0.016828,0.036484,0.006882
5568.165039,-0.053917,0.036653,0.008528
5575.708008,-0.018657,0.036316,0.009908
5583.261719,0.003389,0.036321,0.011058
5590.825195,0.009708,0.036396,0.011945
5598.399414,0.042415,0.036389,0.012628
5605.983398,0.010909,0.036246,0.012821
5613.578125,0.024124,0.037423,0.012899
5621.183105,-0.020690,0.037423,0.012526
5628.797852,-0.031419,0.037382,0.012017
5636.422852,-0.000346,0.037345,0.010962
5644.059082,0.057924,0.037209,0.009505
5651.705078,0.033681,0.037138,0.007993
5659.361328,-0.026610,0.037063,0.005967
5667.028320,0.004800,0.036521,0.003633
5674.706055,-0.012198,0.036693,0.001128
5682.393555,-0.007273,0.036511,-0.001826
5690.091309,0.063720,0.036297,-0.004915
5697.799805,0.045554,0.036052,-0.008288
5705.518555,0.013468,0.035487,-0.011790
5713.248535,0.019412,0.035768,-0.015609
5720.988281,-0.017855,0.035770,-0.019319
5728.738281,-0.027130,0.036311,-0.023261
5736.499512,0.049096,0.036345,-0.027314
5744.270996,-0.010504,0.036146,-0.031217
5752.052734,0.006438,0.036215,-0.035200
5759.844727,0.024495,0.036215,-0.039232
5767.648438,-0.049814,0.036627,-0.042920
5775.461426,-0.182229,0.036353,-0.046564
5783.285156,-0.089672,0.035995,-0.050159
5791.120117,-0.016227,0.035978,-0.053374
5798.965820,-0.093189,0.035426,-0.056464
5806.821777,-0.053720,0.035406,-0.059232
5814.688477,-0.097883,0.035024,-0.061692
5822.565430,-0.084067,0.034687,-0.063766
5830.453125,-0.037777,0.034683,-0.065595
5838.352051,-0.089509,0.035013,-0.067105
5846.261719,-0.088051,0.035145,-0.068107
5854.181641,-0.058676,0.035115,-0.068813
5862.112305,-0.121915,0.035576,-0.069191
5870.054199,-0.053943,0.034866,-0.069109
5878.006348,-0.036661,0.034846,-0.068556
5885.969238,-0.084433,0.034309,-0.067855
5893.943359,-0.084049,0.034294,-0.066618
5901.927734,-0.091073,0.034341,-0.065166
5909.922852,-0.044474,0.034452,-0.063271
5917.929688,-0.089078,0.034332,-0.061251
5925.946289,0.026844,0.034611,-0.058724
5933.974609,-0.056699,0.035497,-0.056186
5942.013184,-0.060503,0.035310,-0.053255
5950.062988,-0.080458,0.034976,-0.050309
5958.124023,-0.030855,0.036088,-0.047048
5966.195312,-0.036911,0.035940,-0.043758
5974.278320,-0.038631,0.035834,-0.040405
5982.371582,-0.032729,0.035658,-0.036865
5990.475586,0.004431,0.036252,-0.033424
5998.590820,-0.045652,0.036228,-0.029936
6006.717285,-0.053875,0.036238,-0.026532
6014.854492,0.002025,0.035503,-0.023210
6023.003418,-0.000113,0.035116,-0.019957
6031.163086,0.028466,0.035207,-0.016781
6039.333496,-0.003728,0.035051,-0.013720
6047.515137,-0.065526,0.035060,-0.010943
6055.708008,0.010334,0.035164,-0.008203
6063.911621,-0.010644,0.034222,-0.005646
6072.126465,0.023122,0.034166,-0.003389
6080.352539,-0.015863,0.034120,-0.001205
6088.589844,-0.052005,0.033634,0.000729
6096.837891,0.008339,0.033962,0.002416
6105.097656,0.020989,0.030774,0.004092
6113.368164,0.004497,0.030664,0.005360
6121.650391,0.018979,0.030545,0.006688
6129.943359,0.012790,0.030530,0.007697
6138.248047,-0.007672,0.030547,0.008604
6146.563477,0.020358,0.030528,0.009303
6154.890137,0.012351,0.030706,0.009521
6163.228516,-0.036506,0.030573,0.009904
6171.577637,0.036663,0.032615,0.009958
6179.938477,0.006836,0.033480,0.010144
6188.310547,-0.055022,0.033761,0.010180
6196.693848,0.012064,0.033376,0.010309
6205.088867,0.031067,0.034419,0.010230
6213.495117,-0.020233,0.037719,0.010503
6221.912109,0.039318,0.039953,0.010548
6230.341309,0.030595,0.040036,0.010762
6238.781738,-0.012600,0.046942,0.010986
6247.233887,-0.000546,0.048865,0.011309
6255.697266,-0.026920,0.050131,0.011889
6264.171875,-0.059340,0.050064,0.012292
6272.658203,0.009822,0.050120,0.013040
6281.155762,0.014884,0.050157,0.013716
6289.665039,0.095915,0.050059,0.014751
6298.185547,0.053906,0.050206,0.015607
6306.717773,0.019131,0.050259,0.016746
6315.261719,0.030685,0.050926,0.017936
6323.817383,0.079571,0.051105,0.019282
6332.383789,0.012831,0.050938,0.020659
6340.962891,0.013644,0.050914,0.022116
6349.552734,0.040892,0.050841,0.023640
6358.154785,0.050374,0.050768,0.025277
6366.768555,0.061135,0.050782,0.026836
6375.393555,0.012991,0.050848,0.028595
6384.030273,0.023805,0.050846,0.030131
6392.678711,0.007732,0.050590,0.031778
6401.339355,0.058004,0.050555,0.033459
6410.011230,0.022688,0.051228,0.035045
6418.695312,0.075084,0.051429,0.036521
6427.390625,-0.003311,0.051406,0.038045
6436.097656,-0.005270,0.051375,0.039372
6444.817383,0.001496,0.051608,0.040664
6453.547852,0.071927,0.052350,0.041849
6462.290527,0.012893,0.052363,0.042974
6471.044922,0.077904,0.052768,0.043799
6479.811523,0.055048,0.052762,0.044607
6488.589844,0.010381,0.052741,0.045274
6497.379883,0.009716,0.052956,0.045728
6506.182129,0.032627,0.052975,0.046148
6514.996094,-0.059000,0.052875,0.046241
6523.822266,-0.025907,0.052902,0.046292
6532.660156,0.002133,0.052903,0.046185
6541.510254,0.022947,0.052786,0.045804
6550.372070,-0.035606,0.053172,0.045481
6559.246094,0.183686,0.053412,0.044726
6568.131836,0.160699,0.053305,0.043990
6577.030273,0.013633,0.053212,0.043048
6585.940430,0.263021,0.053276,0.042072
6594.862305,0.165683,0.054211,0.040785
6603.796387,-0.062661,0.054752,0.039416
6612.742676,-0.042187,0.055198,0.037967
6621.701172,0.015112,0.054725,0.036275
6630.671875,0.015658,0.054724,0.034641
6639.654297,0.043502,0.055182,0.032667
6648.649414,-0.007367,0.054611,0.030752
6657.656250,0.050297,0.054621,0.028736
6666.675293,0.100137,0.054666,0.026511
6675.707031,-0.013778,0.055214,0.024254
6684.750488,0.012067,0.054810,0.021915
6693.806641,0.012894,0.055081,0.019446
6702.875000,0.028913,0.055087,0.017020
6711.955078,0.020940,0.055450,0.014479
6721.047852,0.034449,0.055381,0.011887
6730.152832,0.060029,0.055312,0.009199
6739.270508,-0.002766,0.057012,0.006532
6748.400391,0.034492,0.057017,0.003789
6757.542480,-0.004463,0.057259,0.001088
6766.697266,-0.075824,0.057318,-0.001668
6775.864258,0.044088,0.057825,-0.004359
6785.043945,-0.012045,0.062976,-0.007026
6794.235840,-0.059965,0.064501,-0.009709
6803.439941,-0.056794,0.065256,-0.012235
6812.656250,-0.096686,0.065181,-0.014853
6821.885742,-0.029610,0.065431,-0.017284
6831.127441,-0.081911,0.065347,-0.019310
6840.381836,-0.027624,0.065825,-0.020800
6849.648438,-0.025179,0.066876,-0.022254
6858.927734,0.018696,0.067240,-0.023400
6868.219727,-0.041126,0.069619,-0.024585
6877.524414,0.005525,0.070515,-0.025434
6886.841797,0.004380,0.069600,-0.026090
6896.171875,-0.031191,0.069221,-0.026641
6905.513672,0.028153,0.069040,-0.026826
6914.869141,-0.084861,0.071746,-0.026986
6924.236328,0.022604,0.075887,-0.026694
6933.616699,-0.029716,0.075379,-0.026308
6943.009766,-0.018258,0.075513,-0.025616
6952.416016,-0.056744,0.076252,-0.024717
6961.834473,-0.117441,0.074817,-0.023456
6971.265625,0.045853,0.074341,-0.021985
6980.709961,0.052744,0.073614,-0.020316
6990.166992,0.015829,0.073488,-0.018329
6999.636230,-0.010734,0.074065,-0.016045
7009.118652,-0.075859,0.074064,-0.013677
7018.614258,0.027943,0.074155,-0.010932
7028.122559,-0.047856,0.074046,-0.008184
7037.643555,0.014576,0.074091,-0.004937
7047.177734,0.068746,0.073964,-0.001822
7056.724609,0.010500,0.073855,0.001699
7066.284180,-0.044780,0.074172,0.005090
7075.857422,-0.002767,0.075139,0.008732
7085.443359,0.071247,0.075144,0.012450
7095.041992,0.008667,0.075140,0.016212
7104.654297,-0.006445,0.075270,0.019887
7114.279297,-0.102865,0.076840,0.023647
7123.916992,0.017078,0.076834,0.027366
7133.567383,-0.023685,0.076876,0.030907
7143.231445,0.067463,0.077382,0.034450
7152.908691,-0.034669,0.077323,0.037804
7162.598633,0.265180,0.077117,0.041061
7172.301758,0.174625,0.077117,0.043980
7182.018555,-0.052134,0.081103,0.046947
7191.748047,0.077280,0.087098,0.049331
7201.491211,0.111620,0.086872,0.051900
7211.246582,0.044877,0.087755,0.053883
7221.015625,-0.022007,0.087474,0.055713
7230.798828,-0.049832,0.087469,0.057228
7240.594238,-0.013914,0.087512,0.058596
7250.403320,0.223899,0.087404,0.059493
7260.225586,-0.040929,0.087390,0.060280
7270.061035,0.090126,0.088586,0.060594
7279.910156,0.027517,0.088524,0.060847
7289.772461,0.072690,0.089018,0.060773
7299.647949,0.240367,0.088897,0.060345
7309.537109,-0.173203,0.088658,0.059884
7319.439453,-0.052868,0.088509,0.059050
7329.355469,-0.068697,0.089145,0.058137
7339.284180,-0.044939,0.089161,0.056966
7349.227051,0.234163,0.089334,0.055705
7359.183105,0.155048,0.090913,0.054270
7369.152344,0.018226,0.095794,0.052740
7379.135742,-0.018625,0.095619,0.051059
7389.132324,0.130478,0.095643,0.049384
7399.142578,0.060986,0.095634,0.047511
7409.166016,0.078833,0.095473,0.045757
7419.203125,0.047352,0.095767,0.043774
7429.254883,0.072919,0.097141,0.041778
7439.319336,0.102659,0.097924,0.039856
7449.397461,0.028821,0.097514,0.037822
7459.489258,0.096790,0.097809,0.035654
7469.594727,-0.075067,0.097997,0.033504
7479.713867,0.013881,0.101359,0.031306
7489.847168,0.031595,0.101940,0.028848
7499.994141,0.071186,0.102043,0.026544
7510.154297,0.170496,0.103888,0.023964
7520.328125,0.018537,0.105252,0.021265
7530.516113,-0.021612,0.105838,0.018280
7540.717773,-0.065674,0.105897,0.015228
7550.933594,-0.056952,0.105979,0.011888
7561.163086,0.013115,0.106091,0.008324
7571.406250,0.004760,0.103797,0.004409
7581.663086,-0.232895,0.102764,0.000294
7591.934082,0.279680,0.102487,-0.004460
7602.218750,0.050018,0.107709,-0.009543
7612.517578,0.098353,0.108540,-0.015167
7622.830566,-0.036310,0.113651,-0.020907
7633.157227,-0.030076,0.119392,-0.027165
7643.498047,-0.005067,0.119345,-0.033563
7653.853027,-0.036264,0.119163,-0.040421
7664.221680,-0.057793,0.117737,-0.047393
7674.604492,-0.185690,0.118117,-0.054793
7685.001465,-0.064878,0.125794,-0.062205
7695.412598,0.015066,0.125775,-0.070005
7705.838379,-0.110820,0.125846,-0.077811
7716.277344,-0.075004,0.135122,-0.085553
7726.730957,-0.106583,0.133216,-0.093451
7737.198242,-0.196176,0.133798,-0.101136
7747.680176,-0.126296,0.133610,-0.108805
7758.176270,-0.175597,0.134220,-0.116076
7768.686523,-0.301632,0.132719,-0.123096
7779.210938,-0.413341,0.132205,-0.129611
7789.749023,-0.081771,0.132252,-0.135738
7800.301758,-0.102772,0.132137,-0.141133
7810.869141,-0.156587,0.131866,-0.145993
7821.451172,-0.181546,0.131847,-0.149886
7832.046875,-0.078514,0.132014,-0.153065
7842.657227,-0.311147,0.134528,-0.155133
7853.281250,-0.278724,0.134790,-0.156383
7863.920410,-0.161554,0.134731,-0.156363
7874.573730,-0.094862,0.135109,-0.155401
7885.241699,-0.093849,0.134887,-0.153096
7895.923828,0.075245,0.135708,-0.149704
7906.620605,-0.033643,0.135708,-0.144927
7917.331543,-0.102184,0.135820,-0.139111
7928.057617,0.041123,0.136116,-0.131987
7938.797852,0.074154,0.136327,-0.123616
7949.552734,-0.010549,0.136324,-0.114095
7960.322266,-0.166060,0.138912,-0.103443
7971.106934,-0.040582,0.138675,-0.091795
7981.905273,-0.163044,0.138649,-0.079004
7992.718750,-0.168090,0.139373,-0.065535
8003.545898,-0.069577,0.141645,-0.051115
8014.388672,0.033977,0.140311,-0.036247
8025.246094,0.278560,0.137498,-0.020628
8036.118164,0.131420,0.139131,-0.004742
8047.004883,-0.287637,0.139286,0.011441
8057.906250,-0.309181,0.139271,0.027726
8068.822266,-0.058729,0.139292,0.043956
8079.752930,0.097470,0.145632,0.059878
8090.699219,0.098895,0.160742,0.075616
8101.659180,-0.042066,0.167605,0.090629
8112.634766,-0.289369,0.168986,0.105052
8123.625488,0.094946,0.171086,0.118588
8134.630859,0.165818,0.172928,0.131243
8145.650391,0.614290,0.180884,0.142632
8156.685547,0.040941,0.181285,0.152883
8167.735840,0.002824,0.181571,0.161735
8178.800781,0.059796,0.183228,0.169141
8189.880859,0.020710,0.198766,0.175070
8200.976562,0.132532,0.199972,0.179353
8212.085938,0.202332,0.202716,0.182050
8223.210938,0.217313,0.200657,0.182970
8234.351562,0.216199,0.205732,0.182310
8245.505859,0.129615,0.205684,0.179873
8256.676758,0.162717,0.211091,0.175888
8267.862305,0.089664,0.211212,0.170193
8279.062500,0.387291,0.213027,0.163036
8290.279297,0.232086,0.212723,0.154324
8301.509766,0.078618,0.214506,0.144343
8312.755859,0.034819,0.214871,0.133004
8324.017578,0.102383,0.217905,0.120528
8335.294922,-0.068487,0.217806,0.107151
8346.585938,0.091561,0.216466,0.092895
8357.892578,0.118801,0.216264,0.077722
8369.215820,-0.045461,0.217425,0.062236
8380.553711,0.206734,0.217575,0.046281
8391.907227,0.014746,0.216452,0.030117
8403.275391,0.244949,0.216837,0.013976
8414.660156,-0.020747,0.216865,-0.002263
8426.059570,0.033296,0.216781,-0.017902
8437.474609,0.088885,0.217789,-0.033445
8448.905273,0.175056,0.217751,-0.048080
8460.351562,0.095768,0.217793,-0.062326
8471.812500,0.056808,0.218134,-0.075491
8483.289062,0.113001,0.215745,-0.087871
8494.781250,0.029196,0.215224,-0.098998
8506.289062,-0.102144,0.213842,-0.109330
8517.813477,-0.091473,0.210672,-0.118199
8529.352539,0.261113,0.210328,-0.125917
8540.907227,-0.736264,0.210437,-0.132404
8552.478516,-0.563952,0.210442,-0.137645
8564.064453,-0.376699,0.209869,-0.141472
8575.666016,0.090812,0.204973,-0.144190
8587.283203,-0.392242,0.204958,-0.145271
8598.916992,-0.629801,0.204965,-0.145261
8610.566406,-0.045100,0.198331,-0.143502
8622.230469,-0.060046,0.197911,-0.140700
8633.912109,0.091835,0.197026,-0.136664
8645.607422,0.556041,0.196584,-0.131612
8657.320312,-0.329514,0.195710,-0.125870
8669.048828,-0.465948,0.195604,-0.119109
8680.792969,-0.230556,0.195608,-0.112149
8692.553711,-0.516593,0.198070,-0.104597
8704.330078,-0.083905,0.200506,-0.096989
8716.121094,0.332963,0.201412,-0.089221
8727.929688,-0.009360,0.203838,-0.081770
8739.753906,-0.334204,0.206268,-0.074269
8751.593750,-0.184772,0.207982,-0.067284
8763.449219,-0.337833,0.210525,-0.060589
8775.320312,0.054246,0.213003,-0.054426
8787.208984,0.280034,0.214629,-0.048836
8799.113281,-0.042620,0.217662,-0.043680
8811.033203,0.027256,0.218703,-0.039114
8822.969727,0.039439,0.220313,-0.035138
8834.921875,0.171316,0.223659,-0.031548
8846.890625,0.159043,0.221241,-0.028528
8858.875977,-0.055491,0.200019,-0.025797
8870.876953,0.130657,0.198412,-0.023564
8882.894531,-0.091533,0.184601,-0.021424
8894.928711,-0.018688,0.188226,-0.019687
8906.979492,-0.225578,0.158631,-0.018001
8919.045898,0.072051,0.148726,-0.016431
8931.128906,0.024853,0.133310,-0.014976
8943.228516,0.115640,0.119933,-0.013471
8955.343750,-0.108109,0.113117,-0.012043
8967.475586,0.031459,0.099307,-0.010575
8979.624023,0.186290,0.086348,-0.009082
8991.789062,0.078302,0.088943,-0.007603
9003.970703,0.003575,0.084867,-0.006154
9016.167969,0.069508,0.080699,-0.004714
9028.381836,0.024796,0.076764,-0.003388
9040.613281,-0.010811,0.062437,-0.002162
9052.860352,-0.025140,0.063834,-0.001090
9065.125000,-0.016348,0.054748,-0.000200
9077.405273,-0.014023,0.032272,0.000486
9089.703125,0.011239,0.025859,0.000945
9102.016602,-0.019444,0.011036,0.001178
9114.347656,0.006536,0.010541,0.001201
9126.695312,-0.007487,0.010113,0.001042
9139.058594,0.002688,0.005214,0.000758
9151.439453,-0.002246,0.002302,0.000420
9163.837891,-0.000029,0.000157,0.000128
9176.251953,-0.000000,0.000000,-0.000000
9188.683594,0.000000,0.000000,0.000000
9201.130859,0.000000,0.000000,0.000000
9213.596680,0.000000,0.000000,0.000000
9226.078125,0.000000,0.000000,0.000000
9238.577148,0.000000,0.000000,0.000000
9251.092773,0.000000,0.000000,0.000000
9263.625000,0.000000,0.000000,0.000000
9276.175781,0.000000,0.000000,0.000000
9288.742188,0.000000,0.000000,0.000000
9301.324219,0.000000,0.000000,0.000000
9313.925781,0.000000,0.000000,0.000000
9326.542969,0.000000,0.000000,0.000000
9339.177734,0.000000,0.000000,0.000000
9351.830078,0.000000,0.000000,0.000000
9364.500000,0.000000,0.000000,0.000000
9377.185547,0.000000,0.000000,0.000000
9389.888672,0.000000,0.000000,0.000000
9402.609375,0.000000,0.000000,0.000000
9415.347656,0.000000,0.000000,0.000000
9428.102539,0.000000,0.000000,0.000000
9440.875000,0.000000,0.000000,0.000000
9453.665039,0.000000,0.000000,0.000000
9466.472656,0.000000,0.000000,0.000000
9479.296875,0.000000,0.000000,0.000000
9492.138672,0.000000,0.000000,0.000000
9504.998047,0.000000,0.000000,0.000000
9517.874023,0.000000,0.000000,0.000000
9530.767578,0.000000,0.000000,0.000000
9543.679688,0.000000,0.000000,0.000000
9556.609375,0.000000,0.000000,0.000000
9569.555664,0.000000,0.000000,0.000000
9582.519531,0.000000,0.000000,0.000000
9595.500977,0.000000,0.000000,0.000000
9608.500000,0.000000,0.000000,0.000000
9621.516602,0.000000,0.000000,0.000000
9634.550781,0.000000,0.000000,0.000000
9647.603516,0.000000,0.000000,0.000000
9660.673828,0.000000,0.000000,0.000000
9673.760742,0.000000,0.000000,0.000000
9686.865234,0.000000,0.000000,0.000000
9699.988281,0.000000,0.000000,0.000000
9713.128906,0.000000,0.000000,0.000000
9726.289062,0.000000,0.000000,0.000000
9739.464844,0.000000,0.000000,0.000000
9752.659180,0.000000,0.000000,0.000000
9765.871094,0.000000,0.000000,0.000000
9779.101562,0.000000,0.000000,0.000000
9792.349609,0.000000,0.000000,0.000000
9805.615234,0.000000,0.000000,0.000000
9818.898438,0.000000,0.000000,0.000000
9832.201172,0.000000,0.000000,0.000000
9845.520508,0.000000,0.000000,0.000000
9858.858398,0.000000,0.000000,0.000000
9872.214844,0.000000,0.000000,0.000000
9885.587891,0.000000,0.000000,0.000000
9898.980469,0.000000,0.000000,0.000000
9912.390625,0.000000,0.000000,0.000000
9925.819336,0.000000,0.000000,0.000000
9939.265625,0.000000,0.000000,0.000000
9952.730469,0.000000,0.000000,0.000000
9966.214844,0.000000,0.000000,0.000000
9979.715820,0.000000,0.000000,0.000000
9993.235352,0.000000,0.000000,0.000000

